title,currPrice,freeShipping,timeRemaining
☆JBL  FLIP3☆  Bluetoothスピーカー  IPX5防水機能  ポータブル/ワイヤレス対応☆青☆,2500円,No,1日
☆JBL  FLIP4☆  Bluetoothスピーカー  IPX5防水機能  ポータブル/ワイヤレス対応☆白☆,1680円,No,1日
BOSE  Bluetoothスピーカー  SoundLink  mini,4300円,Yes,5日
SRS-XB20  SONY  Bluetoothスピーカー,4300円,Yes,4時間
新品未使用ソニーSONY  ワイヤレスポータブルスピーカーSRS-XB01W:ホワイト防水Bluetoothスマホなしで操作可能手のひらサイズで迫力の重低音,1円,No,7日
094  n6906  SONY  ソニー  HT-Z9F  サウンドバー  SA-Z9F  SA-WZ9F  Bluetooth  ホームシアター  スピーカー  オーディオ,1円,No,6日
イデアインターナショナル  Native  Union  SWITCH  Bluetooth  Speaker　ブルートゥーススピーカー　グレー,1800円,Yes,6日
BOSE  SoundLink  mini  Bluetooth  Bluetoothスピーカー  ボーズ,4800円,Yes,1日
Bluetooth  ワイヤレススピーカー  iPhone7対応  スマホ  ポータブル  スピーカー  Bluetooth4.1で新登場,3498円,Yes,1日
Bluetooth  ワイヤレススピーカー  iPhone7対応  スマホ  ポータブル  スピーカー  Bluetooth4.1で新登場,3498円,Yes,7時間
【JBL】CHARGE3  Bluetooth  スピーカー/ブラック/サウンドシステム/ポータブル/モバイルバッテリー/ウーファー/アウトドア/音楽/オーディオ,5830円,No,5時間
harman  kardon  ONYX  STUDIO  Bluetooth  ワイヤレススピーカー,1000円,No,3日
JBL  PULSE3　ポータブルスピーカー　Bluetooth　使用回数5~6回　美品,10000円,No,7日
新品・送料無料★JBL  FLIP4  ホワイト　防水Bluetoothスピーカー★保証付【国内正規品】,1100円,Yes,1日
新品同様  数回視聴のみ  BOSE  sound  Link  mini2  Bluetoothスピーカー  ボーズ  サウンドリンクミニ2  スピーカー,8750円,No,6日
SONY  ソニー　スピーカー　Bluetooth  ワイヤレスポータブルスピーカー  SRS-BTV5  ホワイト　白,1180円,No,6日
現状品  harman/kardon  ハーマン  カードン  ONYX  STUDIO  ワイヤレス  Bluetooth  スピーカー  動作品,1700円,No,5時間
JBL  FLIP4  Bluetoothスピーカー  中古美品,6000円,Yes,2日
中古美品  サウンドバー  YAMAHA  YAS-107  ヤマハ  センタースピーカー  フロント  サラウンドシステム  2018年  4K  HDR対応  HDMI  DTS  Bluetooth,13000円,No,5日
【K812】bluetooth  ポータブルスピーカー  グレー_  microSD対応  マイク内蔵  音楽再生  ポータブル  iphone.Android対応,221円,No,8時間
【K812】bluetooth  ポータブルスピーカー  グレー:  microSD対応  マイク内蔵  音楽再生  大容量バッテリー  AUX-in  iphone.Android対応,1円,No,4時間
■■BOSE  ポータブルスピーカー  Sound  Link  Mini  ブルートゥース  音出し確認済み  ボーズ  中古  92H363,4400円,No,2日
